<?xml version="1.0"?>
<skinlf-themepack require="1.2.4">

        <property name="EnableBorders" value="true" />
	<property name="JSplitPane.alternateUI" value="true" />

	<icon name="InternalFrame.icon" value="icons/FrameDefault.gif"/>
	<icon name="Tree.openIcon" value="icons/TreeClosed.gif"/>
	<icon name="Tree.closedIcon" value="icons/TreeClosed.gif"/>
	<icon name="Tree.leafIcon" value="icons/Default.gif"/>

	<icon name="OptionPane.errorIcon" value="icons/Error.gif"/>
	<icon name="OptionPane.informationIcon" value="icons/Information.gif"/>
	<icon name="OptionPane.warningIcon" value="icons/Warn.gif"/>
	<icon name="OptionPane.questionIcon" value="icons/Question.gif"/>

	<icon name="FileView.directoryIcon" value="icons/Folder16.gif" />
	<icon name="FileView.fileIcon" value="icons/Page16.gif" />
	<icon name="FileView.computerIcon" value="icons/Computer16.gif" />
	<icon name="FileView.hardDriveIcon" value="icons/Harddisk16.gif" />
	<icon name="FileView.floppyIcon" value="icons/Floppy16.gif" />

	<icon name="FileChooser.newFolderIcon" value="icons/FolderNew18.gif" />
	<icon name="FileChooser.upFolderIcon" value="icons/FolderUp18.gif" />
	<icon name="FileChooser.homeFolderIcon" value="icons/Home18.gif" />
	<icon name="FileChooser.detailsViewIcon" value="icons/FileViewDetails18.gif" />
	<icon name="FileChooser.listViewIcon" value="icons/FileViewList18.gif" />

        <property name="PopupMenu.border" type="LineBorder" color="#000000" />

	<skin>
		<skin url="gtk/gtkrc"></skin>
		<skin url="kde/kde.themerc"></skin>
	</skin>

</skinlf-themepack>
